,getHRP,getIVP
100,-0.22252910827840777,-0.15512002838735972
